[null,{"name":"Hej","permissions":"NONE","permissions2":"NONE","restriction":"1","_id":"StPkC","actions":[{"channel":"0","varName":"","message":"Hej, ${slashParams(\"osoba\")}!","buttons":[],"selectMenus":[],"attachments":[{"url":"https://cdn.discordapp.com/attachments/1345094947711221856/1358496410621710629/penguin-hello.gif?ex=67f40ddf&is=67f2bc5f&hm=137daeb914316279b812ebc41862004ab90f36b1f3552b3159fd73ef979cb957&","name":"","spoiler":false}],"embeds":[],"reply":true,"ephemeral":false,"tts":false,"overwrite":false,"dontSend":false,"editMessage":"0","editMessageVarName":"","storage":"0","varName2":"","name":"Send Message"}],"comType":"4","parameters":[{"name":"osoba","description":"Osoba, która dostanie policzek!","type":"USER","required":true,"choices":null}],"description":"Przywitaj osobe"},{"name":"Ping","permissions":"NONE","permissions2":"NONE","restriction":"1","_id":"dTeXj","actions":[{"channel":"0","varName":"","message":"Pong!","buttons":[],"selectMenus":[],"reply":true,"ephemeral":false,"tts":false,"file":"","storage":"0","varName2":"","name":"Send Message"}],"comType":"4","description":"Says \"Pong!\""},{"name":"UserInfo","permissions":"NONE","permissions2":"NONE","restriction":"1","_id":"sPkam","actions":[{"member":"5","varName":"user","info":"2","storage":"1","varName2":"user_username","name":"Store Member Info"},{"member":"5","varName":"user","info":"3","storage":"1","varName2":"user_displayname","name":"Store Member Info"},{"member":"5","varName":"user","info":"4","storage":"1","varName2":"user_color","name":"Store Member Info"},{"member":"5","varName":"user","info":"16","storage":"1","varName2":"user_avatar","name":"Store Member Info"},{"member":"5","varName":"user","info":"22","storage":"1","varName2":"user_timestamp","name":"Store Member Info"},{"channel":"0","varName":"","message":"__${tempVars(\"user_displayname\")}__\n```\nUsername: ${tempVars(\"user_username\")}\nKolor:    ${tempVars(\"user_color\")}\nStworzono:  ${tempVars(\"user_timestamp\")}\n```","buttons":[],"selectMenus":[],"attachments":[],"embeds":[],"reply":true,"ephemeral":false,"tts":false,"overwrite":false,"dontSend":false,"editMessage":"0","editMessageVarName":"","storage":"0","varName2":"","name":"Send Message"}],"comType":"4","description":"Informacje o wybranym użytkowniku.","parameters":[{"name":"user","description":"The user to get info from!","type":"USER","required":true,"choices":null}]},{"name":"rzutmoneta","permissions":"NONE","permissions2":"NONE","restriction":"1","_id":"GbWmL","actions":[{"channel":"0","varName":"","message":"Kliknij przycisk, aby rzucić monetą!","buttons":[{"name":"Rzuć monetą","type":"PRIMARY","id":"msg-button-405839a","row":"","url":"","emoji":"","mode":"PERSISTENT","time":"","actions":[{"storage":"1","varName":"result","min":"1","max":"2","name":"Generate Random Number"},{"storage":"1","varName":"result","branches":[{"comparison":"1","value":"1","actions":[{"channel":"0","varName":"","message":"Na monecie wypadła orzeł!","buttons":[],"selectMenus":[],"attachments":[],"embeds":[],"reply":true,"ephemeral":false,"tts":false,"overwrite":false,"dontSend":false,"editMessage":"0","editMessageVarName":"","storage":"0","varName2":"","name":"Send Message"}]},{"comparison":"1","value":"2","actions":[{"channel":"0","varName":"","message":"Moneta wypadła reszką!","buttons":[],"selectMenus":[],"attachments":[],"embeds":[],"reply":true,"ephemeral":false,"tts":false,"overwrite":false,"dontSend":false,"editMessage":"0","editMessageVarName":"","storage":"0","varName2":"","name":"Send Message"}]}],"name":"Multi-Check Variable"}]}],"selectMenus":[],"attachments":[],"embeds":[],"reply":true,"ephemeral":false,"tts":false,"overwrite":false,"dontSend":false,"editMessage":"0","editMessageVarName":"","storage":"0","varName2":"","name":"Send Message"}],"comType":"4","description":"Rzuć monetą"},{"name":"KPN","permissions":"NONE","permissions2":"NONE","restriction":"1","_id":"HrCQd","actions":[{"channel":"0","varName":"","message":"Wybierz swój ruch","buttons":[],"selectMenus":[{"placeholder":"Wybierz swój ruch","id":"msg-select-cb94861","tempVarName":"value","row":"","min":"1","max":"1","mode":"PERSONAL","time":"","options":[{"label":"Kamień","description":"Potężny kamień.","value":"rock","emoji":"🌑","default":"false"},{"label":"Paper","description":"Papier.","value":"paper","emoji":"📄","default":"false"},{"label":"Nożyce","description":"Nożyce.","value":"scissors","emoji":"✂️","default":"false"}],"actions":[{"storage":"1","varName":"msg","type":"all","searchValue":"","name":"Disable Buttons and Selects"},{"storage":"1","varName":"value","branches":[{"comparison":"1","value":"rock","actions":[{"storage":"1","varName":"result","min":"1","max":"3","name":"Generate Random Number"},{"storage":"1","varName":"result","branches":[{"comparison":"1","value":"1","actions":[{"channel":"0","varName":"","message":"${member} użył kamienia, bot użył papier.\n\nBot wygrał!","buttons":[],"selectMenus":[],"attachments":[],"embeds":[],"reply":true,"ephemeral":false,"tts":false,"overwrite":false,"dontSend":false,"editMessage":"0","editMessageVarName":"","storage":"0","varName2":"","name":"Send Message"}]},{"comparison":"1","value":"2","actions":[{"channel":"0","varName":"","message":"${member} użył kamienia, bot użył nożyczek.\n\n${member} wygrał!","buttons":[],"selectMenus":[],"attachments":[],"embeds":[],"reply":true,"ephemeral":false,"tts":false,"overwrite":false,"dontSend":false,"editMessage":"0","editMessageVarName":"","storage":"0","varName2":"","name":"Send Message"}]},{"comparison":"1","value":"3","actions":[{"channel":"0","varName":"","message":"${member} użył kamienia, bot użył kamienia.\n\nBył remis...","buttons":[],"selectMenus":[],"attachments":[],"embeds":[],"reply":true,"ephemeral":false,"tts":false,"overwrite":false,"dontSend":false,"editMessage":"0","editMessageVarName":"","storage":"0","varName2":"","name":"Send Message"}]}],"name":"Multi-Check Variable"}]},{"comparison":"1","value":"paper","actions":[{"storage":"1","varName":"result","min":"1","max":"3","name":"Generate Random Number"},{"storage":"1","varName":"result","branches":[{"comparison":"1","value":"1","actions":[{"channel":"0","varName":"","message":"${member} użył papier, bot użył nożyczek.\n\nBot wygrał!","buttons":[],"selectMenus":[],"attachments":[],"embeds":[],"reply":true,"ephemeral":false,"tts":false,"overwrite":false,"dontSend":false,"editMessage":"0","editMessageVarName":"","storage":"0","varName2":"","name":"Send Message"}]},{"comparison":"1","value":"2","actions":[{"channel":"0","varName":"","message":"${member} użył papieru, bot użył kamienia.\n\n${member} wygrał!","buttons":[],"selectMenus":[],"attachments":[],"embeds":[],"reply":true,"ephemeral":false,"tts":false,"overwrite":false,"dontSend":false,"editMessage":"0","editMessageVarName":"","storage":"0","varName2":"","name":"Send Message"}]},{"comparison":"1","value":"3","actions":[{"channel":"0","varName":"","message":"${member} użył papieru, bot użył papieru.\n\nJest remis...","buttons":[],"selectMenus":[],"attachments":[],"embeds":[],"reply":true,"ephemeral":false,"tts":false,"overwrite":false,"dontSend":false,"editMessage":"0","editMessageVarName":"","storage":"0","varName2":"","name":"Send Message"}]}],"name":"Multi-Check Variable"}]},{"comparison":"1","value":"scissors","actions":[{"storage":"1","varName":"result","min":"1","max":"3","name":"Generate Random Number"},{"storage":"1","varName":"result","branches":[{"comparison":"1","value":"1","actions":[{"channel":"0","varName":"","message":"${member} użył nożyczek, bot użył kamienia.\n\nBot wygrał!","buttons":[],"selectMenus":[],"attachments":[],"embeds":[],"reply":true,"ephemeral":false,"tts":false,"overwrite":false,"dontSend":false,"editMessage":"0","editMessageVarName":"","storage":"0","varName2":"","name":"Send Message"}]},{"comparison":"1","value":"2","actions":[{"channel":"0","varName":"","message":"${member} użył nożyczek, bot użył papieru.\n\n${member} wygrał!","buttons":[],"selectMenus":[],"attachments":[],"embeds":[],"reply":true,"ephemeral":false,"tts":false,"overwrite":false,"dontSend":false,"editMessage":"0","editMessageVarName":"","storage":"0","varName2":"","name":"Send Message"}]},{"comparison":"1","value":"3","actions":[{"channel":"0","varName":"","message":"${member} użył nożyczek, bot użył nożyczek.\n\nJest remis...","buttons":[],"selectMenus":[],"attachments":[],"embeds":[],"reply":true,"ephemeral":false,"tts":false,"overwrite":false,"dontSend":false,"editMessage":"0","editMessageVarName":"","storage":"0","varName2":"","name":"Send Message"}]}],"name":"Multi-Check Variable"}]}],"name":"Multi-Check Variable"}]}],"attachments":[],"embeds":[],"reply":true,"ephemeral":false,"tts":false,"overwrite":false,"dontSend":false,"editMessage":"0","editMessageVarName":"","storage":"1","varName2":"msg","name":"Send Message"}],"comType":"4","description":"Zagraj kamień papier nożyce przeciwko botu!"},{"name":"status","permissions":"ADMINISTRATOR","permissions2":"NONE","restriction":"1","_id":"AYZlF","actions":[{"gameName":"${slashParams(\"nazwa\")}","gameLink":"","activityType":"WATCHING","name":"Set Bot Game"},{"channel":"0","varName":"","message":"Ustawiono status `${slashParams(\"nazwa\")}`","buttons":[],"selectMenus":[],"attachments":[],"embeds":[],"reply":true,"ephemeral":false,"tts":false,"overwrite":false,"dontSend":false,"editMessage":"0","editMessageVarName":"","storage":"0","varName2":"","name":"Send Message"}],"comType":"4","parameters":[{"name":"nazwa","description":"tutaj daj status xd","type":"STRING","required":true,"choices":null}],"description":"Ustaw status bota"},{"name":"spierdalaj","permissions":"NONE","permissions2":"NONE","restriction":"1","_id":"tKXFD","actions":[{"channel":"0","varName":"","message":"Spierdalaj ${slashParams(\"osoba\")}!","buttons":[],"selectMenus":[],"attachments":[{"url":"https://reliveteam.eu/spierdalaj.mp4","name":"","spoiler":false}],"embeds":[],"reply":true,"ephemeral":false,"tts":false,"overwrite":false,"dontSend":false,"editMessage":"0","editMessageVarName":"","storage":"0","varName2":"","name":"Send Message"}],"comType":"4","parameters":[{"name":"osoba","description":"Osoba, która dostanie policzek!","type":"USER","required":true,"choices":null}],"description":"nie trzeba chyba tłumaczyć"},{"name":"dwubiegunowosc","permissions":"NONE","permissions2":"NONE","restriction":"1","_id":"sguGM","actions":[{"channel":"0","varName":"","message":"Ktoś tu ma dwubiegunowość ${slashParams(\"osoba\")}!","buttons":[],"selectMenus":[],"attachments":[{"url":"https://reliveteam.eu/dwubiegunowosc.mp4","name":"","spoiler":false}],"embeds":[],"reply":true,"ephemeral":false,"tts":false,"overwrite":false,"dontSend":false,"editMessage":"0","editMessageVarName":"","storage":"0","varName2":"","name":"Send Message"}],"comType":"4","parameters":[{"name":"osoba","description":"Osoba, która dostanie policzek!","type":"USER","required":true,"choices":null}],"description":"nie trzeba chyba tłumaczyć"},{"name":"chihuahua","permissions":"NONE","permissions2":"NONE","restriction":"1","_id":"dzJVi","actions":[{"channel":"0","varName":"","message":"${slashParams(\"osoba\")}!","buttons":[],"selectMenus":[],"attachments":[{"url":"https://reliveteam.eu/Saxophone Chihuahua.mp4","name":"","spoiler":false}],"embeds":[],"reply":true,"ephemeral":false,"tts":false,"overwrite":false,"dontSend":false,"editMessage":"0","editMessageVarName":"","storage":"0","varName2":"","name":"Send Message"}],"comType":"4","parameters":[{"name":"osoba","description":"Osoba, która dostanie policzek!","type":"USER","required":true,"choices":null}],"description":"nie trzeba chyba tłumaczyć"},{"name":"tyfbi","permissions":"NONE","permissions2":"NONE","restriction":"1","_id":"SuPEz","actions":[{"channel":"0","varName":"","message":"","buttons":[],"selectMenus":[],"attachments":[{"url":"https://reliveteam.eu/tyfbi.mp4","name":"","spoiler":false}],"embeds":[],"reply":true,"ephemeral":false,"tts":false,"overwrite":false,"dontSend":false,"editMessage":"0","editMessageVarName":"","storage":"0","varName2":"","name":"Send Message"}],"comType":"4","parameters":[],"description":"nie trzeba chyba tłumaczyć"},{"name":"fbi","permissions":"NONE","permissions2":"NONE","restriction":"1","_id":"YmMuT","actions":[{"channel":"0","varName":"","message":"","buttons":[],"selectMenus":[],"attachments":[{"url":"https://reliveteam.eu/fbi.mp4","name":"","spoiler":false}],"embeds":[],"reply":true,"ephemeral":false,"tts":false,"overwrite":false,"dontSend":false,"editMessage":"0","editMessageVarName":"","storage":"0","varName2":"","name":"Send Message"}],"comType":"4","parameters":[],"description":"nie trzeba chyba tłumaczyć"},{"name":"Slap","permissions":"NONE","permissions2":"NONE","restriction":"1","_id":"dXoZX","actions":[{"channel":"0","varName":"","message":"${member} spoliczkował ${slashParams(\"osoba\")}!","buttons":[],"selectMenus":[],"attachments":[{"url":"https://cdn.discordapp.com/attachments/1345094947711221856/1358485352653918319/will-smith-oscars.gif?ex=67f40393&is=67f2b213&hm=9bf362c0b5c8d56095dc9449b5e07dc8974c851b1201920b3ad22d57b44234f3&","name":"","spoiler":false}],"embeds":[],"reply":true,"ephemeral":false,"tts":false,"overwrite":false,"dontSend":false,"editMessage":"0","editMessageVarName":"","storage":"0","varName2":"","name":"Send Message"}],"comType":"4","parameters":[{"name":"osoba","description":"Osoba, która dostanie policzek!","type":"USER","required":true,"choices":null}],"description":"Uderza w wybraną osobę."},{"name":"propozycja","permissions":"NONE","permissions2":"NONE","restriction":"1","_id":"vxGLv","actions":[{"channel":"103","varName":"1345094947711221856","message":"Propozycja:\n${member} ${slashParams(\"link\")} ${slashParams(\"opis\")}","buttons":[],"selectMenus":[],"attachments":[],"embeds":[],"reply":true,"ephemeral":false,"tts":false,"overwrite":false,"dontSend":false,"editMessage":"0","editMessageVarName":"","storage":"0","varName2":"","name":"Send Message"}],"comType":"4","parameters":[{"name":"link","description":"Tutaj daj link do filmu/obrazka/gifu","type":"STRING","required":true,"choices":null},{"name":"opis","description":"Opisz trochę jak to ma wyglądać","type":"STRING","required":true,"choices":null}],"description":"Napisz propozycje"}]